番号,299
名前,霊夢様
呼び名,霊夢様
基礎,0,10000
基礎,1,5000
基礎,2,15000
基礎,3,900
素質,0
素質,11
素質,12
素質,15
素質,16
素質,32
素質,34
素質,36
素質,43
素質,53
素質,56
素質,71
素質,101,-1
素質,102,-1
素質,103,-1
素質,104,-1
素質,151
素質,155
素質,163,;連撃パッチ用素質、針投げたり札投げたりしてるので得意そう
素質,200
能力,1,3
能力,3,3
能力,4,3
能力,5,3
能力,98,900
能力,97,40
相性,2,10
相性,3,10
相性,4,10
相性,5,10
相性,6,10
相性,7,10
相性,8,10
相性,9,10
相性,10,10
相性,11,10
相性,12,10
相性,13,10
相性,14,10
相性,15,10
相性,16,10
相性,17,10
相性,18,10
相性,19,10
相性,20,10
相性,21,10
相性,22,10
相性,23,10
相性,24,10
相性,25,10
相性,26,10
相性,27,10
相性,28,10
相性,29,10
相性,30,10
相性,31,10
相性,32,10
相性,33,10
相性,34,10
相性,35,10
相性,36,10
相性,37,10
相性,38,10
相性,39,10
相性,40,10
相性,41,10
相性,42,10
相性,43,10
相性,44,10
相性,45,10
相性,46,10
相性,47,10
相性,48,10
相性,49,10
相性,50,10
相性,51,10
相性,52,10
相性,53,10
相性,54,10
相性,55,10
相性,56,10
相性,57,10
相性,58,10
相性,59,10
相性,60,10
相性,61,10
相性,62,10
相性,63,10
相性,64,10
相性,65,10
相性,66,10
相性,67,10
相性,68,10
相性,69,10
相性,70,10
相性,71,10
相性,72,10
相性,73,10
相性,74,10
相性,75,10
相性,76,10
相性,77,10
相性,78,10
相性,79,10
相性,80,10
相性,81,10
相性,82,10
相性,83,10
相性,84,10
相性,85,10
相性,86,10
相性,87,10
相性,88,10
相性,89,10
相性,90,10
相性,91,10
相性,92,10
相性,93,10
相性,94,10
相性,95,10
相性,96,10
相性,97,10
相性,98,10
相性,99,10
相性,100,10
相性,101,10
相性,102,10
相性,103,10
相性,104,10
相性,105,10
相性,106,10
相性,107,10
相性,108,10
相性,109,10
相性,110,10
相性,111,10
相性,112,10
相性,113,10
相性,114,10
相性,115,10
相性,116,10
フラグ,12,400
フラグ,100,14
