0,装備無し,1

;消耗武器
1,十字弓,1,;威力35　弾数70
2,魔法弓矢,1,;威力50　弾数60
3,火炎放射器,1,;威力65　弾数50　炎属性攻撃
4,魔法導弾,1,;威力80　弾数40
5,草莓十字,1,;威力100　弾数30
6,博麗之御符,1,;威力140　弾数20
7,符卡,1,;威力200　弾数10
8,魔法拘束具,1,;威力10　弾数10　イベント用
9,☆触手放射器,1,;威力100　弾数30　使用の度に汚染度上昇　素質や触手中毒値によって攻撃力上昇　唯一品

;非消耗武器
10,棍子,1,;威力25
11,薙刀,1,;威力40
12,白狼刀,1,;威力55
13,魔法杖,1,;威力70
14,龍魚鉆頭,1,;威力80
15,陰陽玉,1,;威力90
16,緋緋色金之剣,1,;威力100
17,☆触手使役術,1,;威力50　装備者は常に触装　素質や触手中毒値によって攻撃力上昇　唯一品
18,☆触手剣,1,;威力60　装備者は常に触装　素質や触手中毒値によって攻撃力上昇　唯一品
19,,1

;アクセサリー
20,魔導触媒,1,;弾幕攻撃の威力微増（戦闘素質+10換算）
21,簡易魔法陣,1,;弾幕攻撃の威力小増（戦闘素質+20換算）
22,使魔,1,;弾幕攻撃の威力中増（戦闘素質+40換算） 睡眠時に装備していると見張りもしてくれますが…
23,賢者之石,1,;弾幕攻撃の威力大増（戦闘素質+60換算）
24,翼鞋,1,;速度+20
25,天狗之団扇,1,;速度+50
26,☆咲夜的時計,1,;先制攻撃（速度+500）　唯一品
27,替身人偶,1,;回避+10
28,森羅結界,1,;HPダメージを25％カット
29,酒樽,1,;MPダメージを25％カット
30,警策,1,;EPダメージを25％カット
31,絶対領域,1,;CPダメージを50％カット
32,病気平癒守,1,;戦闘終了時にHPを10％回復
33,伊吹瓢,1,;戦闘終了時にMPを5％回復
34,緋想之剣,1,;戦闘終了時にEPを10％回復
35,布朗尼,1,;戦闘終了時にCPを25％回復
36,幸運護身符,1,;戦闘中に拘束から脱出できる確率UP
37,黑咖啡,1,;睡眠を防ぐ　寝こみを襲われた場合は無理
38,防風鏡,1,;煙幕・砂煙を防ぐ
39,媚薬,1,;装備中は常に発情状態になるが、攻撃の威力が2倍になる
40,催眠獣的魔眼,1,;催眠術が使えるようになる
41,観測者的眼鏡,1,;観測者の録画映像を受信できる
42,,1
43,,1
44,,1
45,,1
46,,1
47,,1
48,,1
49,,1

;その他
50,緑茶,1,;HPを50％回復
51,玉露,1,;HPを100％回復
52,日本酒,1,;MPを25％回復
53,神酒,1,;MPを50％回復
54,備用衣物,1,;CPを100％回復
55,鎮静剤,1,;EPを100％回復　戦闘中の場合、TPが0になる
56,興奮剤,1,;発情状態にする　戦闘中の場合、TPが200になる
57,薬酒,1,;拘束・発情・戦意喪失以外の状態異常を治療する
58,甦醒薬,1,;戦意喪失（MPが0）になってしまった仲間を、MP25％の状態で復活させる
59,煙玉,1,;戦闘から必ず逃げられる
60,☆大人的玩具,1,;非戦闘中のみ使用可能　自慰（＝絶頂）により、EPの回復や発情の解除ができる　唯一品　何度でも使用可能
61,生命之種,1,;最大HP+300のドーピングアイテム
62,魔力之種,1,;戦闘素質+10のドーピングアイテム
63,敏捷之種,1,;速度+10のドーピングアイテム
64,☆不死鳥之羽,1,;全滅時に一度だけ全回復してランダムな部屋に転送される　唯一品だが消耗品
65,☆胡蝶夢丸夢魘,1,;その場で気絶する代わりにHPなどが回復する　唯一品　何度でも使用可能
66,携帯廁所,1,;非戦闘中のみ使用可能　トイレをすることによりNPを0にすることができる。 NPが10以下では使用不可
67,繃帯,1,;HP・CP・DP微回復・骨折レベルを回復　【治療】で骨折治療強化
68,,1
69,縮乳薬,1,;胸が小さくなります
70,寵物食品,1,;とってもおいしい、寵物用の缶詰
71,浄化玉,1,;部屋の空気を綺麗にしてくれる便利グッズ
72,特製風鏡,1,;河童特製盗撮用防風鏡
73,薬草,1,;空気が浄化されていれば澄んだ泉で必ず発見できる薬草　HP3000回復
74,寄生封印之符,1,;破れるまで寄生を封じる
75,卵浄化之符,1,;破れるまで卵を産み付けられなくなる
76,母乳停止之符,1,;破れるまで母乳を止められる
77,排卵誘発剤,1,;明日を危険日にする　女王蜂プレイ向きか
78,産卵促進剤,1,;産卵をこのターンの終わりに行う


;消耗武器の弾
81,十字弓,1
82,魔法弓矢,1
83,火炎放射器,1
84,魔法導弾,1
85,草莓十字,1
86,博麗之御符,1
87,符卡,1
88,魔法拘束具,1
89,☆触手放射器,1
